
/*
Navicat MySQL Data Transfer

Source Server         : localhost
Source Server Version : 50728
Source Host           : localhost:3306
Source Database       : traffic

Target Server Type    : MYSQL
Target Server Version : 50728
File Encoding         : 65001

Date: 2020-04-29 19:06:53
*/

SET FOREIGN_KEY_CHECKS=0;

-- ----------------------------
-- Table structure for `admin`
-- ----------------------------
DROP TABLE IF EXISTS `admin`;
CREATE TABLE `admin` (
  `id` int(10) unsigned NOT NULL AUTO_INCREMENT,
  `name` varchar(255) NOT NULL,
  `phone` varchar(255) NOT NULL,
  `password` varchar(255) NOT NULL,
  `role_id` int(10) NOT NULL,
  `type` int(10) NOT NULL,
  PRIMARY KEY (`id`)
) ENGINE=MyISAM AUTO_INCREMENT=5 DEFAULT CHARSET=utf8;

-- ----------------------------
-- Records of admin
-- ----------------------------
INSERT INTO `admin` VALUES ('1', '毕社国', '15688708938', 'pbkdf2:sha256:150000$XcV0jLSY$048f90ea54f89b1b047fb1fe93f2746486f2bbe0baa825598797ea5d2c513571', '1', '0');
INSERT INTO `admin` VALUES ('3', '李明', '15020067023', 'pbkdf2:sha256:150000$p0X70RiU$8b6bfc87370b56f09a25b8c51a075d3cf6198db21b8e0623d00864f1ac3a37f7', '2', '1');
INSERT INTO `admin` VALUES ('4', '王小明', '15092136231', 'pbkdf2:sha256:150000$2RP8EErU$591b7403e198809c66d8077f73aaf5f694b35c23f7fae0940ab87aaec6b3338b', '3', '1');



SET FOREIGN_KEY_CHECKS=0;

-- ----------------------------
-- Table structure for `auth`
-- ----------------------------
DROP TABLE IF EXISTS `auth`;
CREATE TABLE `auth` (
  `id` int(11) unsigned NOT NULL AUTO_INCREMENT,
  `name` varchar(255) DEFAULT NULL,
  `url` varchar(255) DEFAULT NULL,
  `add_time` datetime DEFAULT NULL,
  PRIMARY KEY (`id`)
) ENGINE=InnoDB AUTO_INCREMENT=14 DEFAULT CHARSET=utf8;

-- ----------------------------
-- Records of auth
-- ----------------------------
INSERT INTO `auth` VALUES ('2', '车辆添加', '/admin/car/add/', '2020-04-12 21:23:32');
INSERT INTO `auth` VALUES ('3', '车辆删除', '/admin/car/del/', '2020-04-12 21:23:51');
INSERT INTO `auth` VALUES ('4', '车辆编辑', '/admin/car/edit/<int:id>/', '2020-04-20 14:54:02');
INSERT INTO `auth` VALUES ('5', '车辆列表', '/admin/car/list/', '2020-04-20 14:55:19');
INSERT INTO `auth` VALUES ('6', '费用列表', '/admin/expense/list/<int:type>/', '2020-04-20 15:02:28');
INSERT INTO `auth` VALUES ('7', '费用详情', '/admin/expense/detail/<int:id>/', '2020-04-20 15:02:40');
INSERT INTO `auth` VALUES ('8', '费用审批', '/admin/expense/approval/<int:id>/', '2020-04-20 15:04:47');
INSERT INTO `auth` VALUES ('9', '费用删除', '/admin/expense/del/', '2020-04-20 15:04:58');
INSERT INTO `auth` VALUES ('10', '费用类型列表', '/admin/expense/type/', '2020-04-20 15:05:14');
INSERT INTO `auth` VALUES ('11', '添加费用类型', '/admin/expense/addType/', '2020-04-20 15:05:25');
INSERT INTO `auth` VALUES ('12', '删除费用类型', '/admin/expense/delType/', '2020-04-20 15:05:37');
INSERT INTO `auth` VALUES ('13', '财务统计', '/admin/expense/sta/', '2020-04-20 15:10:58');


SET FOREIGN_KEY_CHECKS=0;

-- ----------------------------
-- Table structure for `car`
-- ----------------------------
DROP TABLE IF EXISTS `car`;
CREATE TABLE `car` (
  `id` int(10) unsigned NOT NULL AUTO_INCREMENT,
  `tid` int(10) NOT NULL,
  `number` varchar(255) NOT NULL,
  `nickname` varchar(255) DEFAULT NULL,
  `capacity` varchar(255) NOT NULL,
  `model` varchar(255) NOT NULL,
  `img_url` varchar(255) NOT NULL,
  `content` varchar(255) DEFAULT NULL,
  `status` int(10) NOT NULL,
  PRIMARY KEY (`id`)
) ENGINE=MyISAM AUTO_INCREMENT=9 DEFAULT CHARSET=utf8;

-- ----------------------------
-- Records of car
-- ----------------------------
INSERT INTO `car` VALUES ('5', '245260037', '鲁K873B8', '二号车', '5吨', 'CA1012W2', '2020042016432161917519f9ed42168baf35ca42e11a7c.png', '', '0');
INSERT INTO `car` VALUES ('6', '245835479', '鲁K686EJ', '一号车', '3吨', 'ZZ1101W1', '202004201640295286c494abd74b328233943961150f78.png', '', '0');
INSERT INTO `car` VALUES ('7', '246882981', '鲁KD7075', '三号车', '100吨', 'HN1205W3', '20200420164426cfabc0e21c3a4918a947c54fab591cf8.png', '', '0');
INSERT INTO `car` VALUES ('8', '248609467', '鲁KZA583', '四号车', '200吨', 'LZ1201W4', '2020042016452053f529ead0f3407185a5307a0f02ad12.png', '', '0');

SET FOREIGN_KEY_CHECKS=0;

-- ----------------------------
-- Table structure for `driver`
-- ----------------------------
DROP TABLE IF EXISTS `driver`;
CREATE TABLE `driver` (
  `id` int(10) unsigned NOT NULL AUTO_INCREMENT,
  `name` varchar(255) NOT NULL,
  `phone` varchar(255) NOT NULL,
  `password` varchar(255) NOT NULL,
  `address` varchar(255) NOT NULL,
  `idcardz` varchar(255) NOT NULL,
  `idcardf` varchar(255) NOT NULL,
  `drivercardz` varchar(255) NOT NULL,
  `drivercardf` varchar(255) NOT NULL,
  `content` text,
  `status` int(10) NOT NULL,
  PRIMARY KEY (`id`)
) ENGINE=MyISAM AUTO_INCREMENT=8 DEFAULT CHARSET=utf8;

-- ----------------------------
-- Records of driver
-- ----------------------------
INSERT INTO `driver` VALUES ('5', '司二', '18306785659', 'pbkdf2:sha256:150000$Kdn2xIDv$c2ce54664460aded9ae6b4306668dfdf9e86b2b99aad55adf24d6c4ae5ee3e06', '山东省威海市环翠区', '20200420164840c246a2687bbb47f49df706899e748c31.png', '20200420164840c246a2687bbb47f49df706899e748c31.png', '20200420164856453e9518ce214270bd28a2599d303ad6.png', '20200420164902bf1a2f8f35ef4e809442b785afcb7f76.png', '', '2');
INSERT INTO `driver` VALUES ('2', '司一', '13508975659', 'pbkdf2:sha256:150000$sBG0LD4B$cd820bb5d024b6618ffe8a877db75eb3583692a0f2af12e6cefaa5c99362a0b3', '山东省威海市荣成市', '202004201645583b72eb483a8e49ddbd25e806e767763b.png', '202004201645583b72eb483a8e49ddbd25e806e767763b.png', '2020042016461115c82bb2b4f141d88050eeefcaa1b1bf.png', '20200420164616fef95a975fbf4d7d89cfd2dd0e620cc2.png', '', '0');
INSERT INTO `driver` VALUES ('6', '司三', '18964968798', 'pbkdf2:sha256:150000$QJKVMHoM$d7219423b786fd9a2245cbcb47727032e6b6f8b0ace362215088e7f83b0a7eff', '山东省威海市文登区', '202004201652491ec161610e5147e9982b5579692c6b8d.png', '202004201652491ec161610e5147e9982b5579692c6b8d.png', '20200420165304e9567ddc97ea47009eb0ef9bb671b961.png', '2020042016531061bc2a009ca74a8ea23e9358966eeccf.png', '', '0');
INSERT INTO `driver` VALUES ('7', '司五', '13586942878', 'pbkdf2:sha256:150000$QJKVMHoM$d7219423b786fd9a2245cbcb47727032e6b6f8b0ace362215088e7f83b0a7eff', '山东省威海市乳山市', '202004201654303e4d1647ec914201adaf7044f10bc969.png', '202004201654303e4d1647ec914201adaf7044f10bc969.png', '202004201654471fb18db22b3043fd9cfce9b48121f2c1.png', '202004201654528a5313e47b534c54b58cb86513b06ed9.png', '', '0');

SET FOREIGN_KEY_CHECKS=0;

-- ----------------------------
-- Table structure for `expense_type`
-- ----------------------------
DROP TABLE IF EXISTS `expense_type`;
CREATE TABLE `expense_type` (
  `id` int(10) unsigned NOT NULL AUTO_INCREMENT,
  `name` varchar(255) NOT NULL,
  `type` varchar(255) NOT NULL,
  `content` text,
  PRIMARY KEY (`id`)
) ENGINE=MyISAM AUTO_INCREMENT=8 DEFAULT CHARSET=utf8;

-- ----------------------------
-- Records of expense_type
-- ----------------------------
INSERT INTO `expense_type` VALUES ('1', '其他收入', '收入', '');
INSERT INTO `expense_type` VALUES ('2', '保养', '支出', null);
INSERT INTO `expense_type` VALUES ('4', '维修', '支出', '');
INSERT INTO `expense_type` VALUES ('5', '保险', '支出', '');
INSERT INTO `expense_type` VALUES ('6', '油费', '支出', '');
INSERT INTO `expense_type` VALUES ('7', '路桥费', '支出', '');


SET FOREIGN_KEY_CHECKS=0;

-- ----------------------------
-- Table structure for `leave`
-- ----------------------------
DROP TABLE IF EXISTS `leave`;
CREATE TABLE `leave` (
  `id` int(10) unsigned NOT NULL AUTO_INCREMENT,
  `driver_id` int(10) NOT NULL,
  `content` varchar(255) NOT NULL,
  `start_time` datetime NOT NULL,
  `end_time` datetime NOT NULL,
  `status` int(10) NOT NULL,
  `note` varchar(255) DEFAULT NULL,
  `pass_time` datetime DEFAULT NULL,
  PRIMARY KEY (`id`)
) ENGINE=MyISAM AUTO_INCREMENT=10 DEFAULT CHARSET=utf8;

-- ----------------------------
-- Records of leave
-- ----------------------------
INSERT INTO `leave` VALUES ('4', '2', '身体不适', '2020-02-05 09:00:00', '2020-02-07 10:00:00', '2', '', '2020-04-20 18:24:08');
INSERT INTO `leave` VALUES ('6', '6', '身体不适', '2020-03-10 09:00:00', '2020-03-11 09:00:00', '1', '', '2020-04-20 18:54:16');
INSERT INTO `leave` VALUES ('7', '2', '生病', '2020-04-21 09:00:00', '2020-04-22 13:00:00', '1', '', '2020-04-21 15:58:32');
INSERT INTO `leave` VALUES ('8', '2', '身体不适', '2020-01-16 09:00:00', '2020-01-17 05:00:00', '1', '', '2020-04-22 17:11:47');
INSERT INTO `leave` VALUES ('9', '2', '身体不适', '2020-01-02 08:00:00', '2020-01-03 08:00:00', '1', '', '2020-04-22 17:33:07');


SET FOREIGN_KEY_CHECKS=0;

-- ----------------------------
-- Table structure for `notice`
-- ----------------------------
DROP TABLE IF EXISTS `notice`;
CREATE TABLE `notice` (
  `id` int(10) unsigned NOT NULL AUTO_INCREMENT,
  `content` text NOT NULL,
  `add_time` datetime NOT NULL,
  PRIMARY KEY (`id`)
) ENGINE=MyISAM AUTO_INCREMENT=16 DEFAULT CHARSET=utf8;

-- ----------------------------
-- Records of notice
-- ----------------------------
INSERT INTO `notice` VALUES ('15', '在出车前，要对车辆的安全技术状况进行检查，重点检查制动、转向、轮胎等重点部件的安全性能，防止半路抛锚现象发生。', '2020-04-27 11:41:27');
INSERT INTO `notice` VALUES ('14', '驾驶人的驾驶技能不仅包括开车的技能，更应熟练掌握车辆保养和维修的技能，做好会驾驶、会维护保养、会排除故障、会交通法规。尤其在出车前，要对车辆的安全技术状况进行检查，重点检查制动、转向、轮胎等重点部件的安全性能，防止半路抛锚现象发生。', '2020-04-27 11:41:09');


SET FOREIGN_KEY_CHECKS=0;

-- ----------------------------
-- Table structure for `role`
-- ----------------------------
DROP TABLE IF EXISTS `role`;
CREATE TABLE `role` (
  `id` int(11) unsigned NOT NULL AUTO_INCREMENT,
  `name` varchar(255) DEFAULT NULL,
  `auths` varchar(255) DEFAULT NULL,
  `add_time` datetime DEFAULT NULL,
  PRIMARY KEY (`id`)
) ENGINE=InnoDB AUTO_INCREMENT=4 DEFAULT CHARSET=utf8;

-- ----------------------------
-- Records of role
-- ----------------------------
INSERT INTO `role` VALUES ('1', '超级管理员', '', '2020-04-12 15:11:31');
INSERT INTO `role` VALUES ('2', '车辆管理员', '2,3,4,5', '2020-04-12 21:25:44');
INSERT INTO `role` VALUES ('3', '财务管理员', '6,7,8,9,10,11,12,13', '2020-04-20 15:11:31');

SET FOREIGN_KEY_CHECKS=0;

-- ----------------------------
-- Table structure for `schedule`
-- ----------------------------
DROP TABLE IF EXISTS `schedule`;
CREATE TABLE `schedule` (
  `id` int(10) unsigned NOT NULL AUTO_INCREMENT,
  `unit` varchar(255) NOT NULL,
  `user` varchar(255) NOT NULL,
  `phone` varchar(255) NOT NULL,
  `start_point` varchar(255) NOT NULL,
  `end_point` varchar(255) NOT NULL,
  `start_time` datetime NOT NULL,
  `end_time` datetime NOT NULL,
  `content` text,
  `driver_id` int(10) DEFAULT NULL,
  `car_id` int(10) DEFAULT NULL,
  `money` int(10) NOT NULL,
  `driver_money` int(10) NOT NULL,
  `status` int(10) NOT NULL,
  `track_id` int(10) NOT NULL,
  PRIMARY KEY (`id`)
) ENGINE=InnoDB AUTO_INCREMENT=27 DEFAULT CHARSET=utf8;

-- ----------------------------
-- Records of schedule
-- ----------------------------
INSERT INTO `schedule` VALUES ('11', '王氏蔬菜', '李华', '18908975656', '山东省威海市王氏蔬菜育苗基地', '山东省枣庄市滕州市', '2020-02-05 10:00:00', '2020-02-10 18:00:00', '', '5', '5', '500', '300', '3', '15');
INSERT INTO `schedule` VALUES ('12', '晨光文具', '魏明', '13676897857', '荣成义乌小商品批发城', '山东省威海市哈尔滨工业大学', '2020-03-04 06:00:00', '2020-03-05 09:00:00', '', '2', '6', '200', '100', '3', '16');
INSERT INTO `schedule` VALUES ('13', '义乌商城', '王二', '13456986874', '山东省威海市荣成市火车站', '荣成义乌小商品批发城', '2020-04-02 09:00:00', '2020-04-02 18:00:00', '', '6', '7', '200', '100', '3', '17');
INSERT INTO `schedule` VALUES ('14', '海晟水产', '李四', '18956474588', '威海水产批发市场', '荣成市海鲜王酒店', '2020-04-16 05:00:00', '2020-04-16 11:00:00', '', '7', '8', '500', '200', '3', '18');
INSERT INTO `schedule` VALUES ('16', '义乌商城', '王二', '13456986874', '山东省威海市荣成市火车站', '荣成义乌小商品批发城', '2019-12-16 09:00:00', '2019-12-16 13:00:00', '', '2', '6', '200', '100', '3', '20');
INSERT INTO `schedule` VALUES ('17', '晨光文具', '魏明', '13676897857', '荣成义乌小商品批发城', '山东省威海市荣成市哈尔滨理工大学', '2020-04-20 09:00:00', '2020-04-20 17:00:00', '', '6', '7', '200', '100', '3', '21');
INSERT INTO `schedule` VALUES ('18', '义乌商城', '王二', '13456986874', '荣成义乌小商品批发城', '山东省济南市济南大学', '2020-01-01 09:00:00', '2020-01-08 09:00:00', '', '5', '5', '800', '500', '3', '22');
INSERT INTO `schedule` VALUES ('19', '盛佳水产', '王五', '18956348890', '威海水产批发市场', '北京市立水桥海鲜大卖场', '2020-02-04 09:00:00', '2020-02-08 09:00:00', '', '2', '6', '3000', '1200', '3', '23');
INSERT INTO `schedule` VALUES ('20', '义乌商城', '张小明', '18306785659', '荣成义乌小商品批发城', '山东省威海市哈尔滨工业大学', '2020-04-22 09:00:00', '2020-04-22 17:00:00', '', '7', '6', '200', '100', '3', '24');
INSERT INTO `schedule` VALUES ('21', '义乌商城', '王小明', '18306785659', '荣成义乌小商品批发城', '山东省威海市哈尔滨工业大学', '2020-04-21 09:00:00', '2020-04-21 14:00:00', '', '2', '7', '200', '100', '3', '25');
INSERT INTO `schedule` VALUES ('22', '义乌商城', '王小明', '18306785659', '荣成义乌小商品批发城', '山东省威海市哈尔滨工业大学', '2020-04-22 09:00:00', '2020-04-22 14:00:00', '', '2', '8', '200', '100', '3', '26');
INSERT INTO `schedule` VALUES ('23', '义乌商城', '王小明', '18306785659', '荣成义乌小商品批发城', '山东省威海市哈尔滨工业大学', '2020-04-26 09:00:00', '2020-04-26 13:00:00', '', '2', '5', '200', '100', '3', '27');
INSERT INTO `schedule` VALUES ('26', '义乌商城', '王小明', '15688708938', '山东省威海市哈尔滨工业大学', '荣成义乌小商品批发城', '2020-01-01 00:00:00', '2020-01-16 09:00:00', '', '7', '7', '200', '130', '3', '30');

SET FOREIGN_KEY_CHECKS=0;

-- ----------------------------
-- Table structure for `track`
-- ----------------------------
DROP TABLE IF EXISTS `track`;
CREATE TABLE `track` (
  `id` int(10) unsigned NOT NULL AUTO_INCREMENT,
  `origin` varchar(255) NOT NULL,
  `destination` varchar(255) NOT NULL,
  `distance` varchar(255) NOT NULL,
  `duration` varchar(255) NOT NULL,
  `steps` text,
  `start_time` datetime NOT NULL,
  `end_time` datetime NOT NULL,
  PRIMARY KEY (`id`)
) ENGINE=InnoDB AUTO_INCREMENT=31 DEFAULT CHARSET=utf8;

-- ----------------------------
-- Records of track
-- ----------------------------
INSERT INTO `track` VALUES ('15', '122.232715,37.354460', '117.165824,35.114156', '675692', '30214', '[[\"122.232715\", \"37.354460\"], [\"122.232857\", \"37.354813\"], [\"122.170776\", \"37.374283\"], [\"122.168098\", \"37.374683\"], [\"122.163422\", \"37.374531\"], [\"122.131744\", \"37.314148\"], [\"122.12825\", \"37.309574\"], [\"122.114235\", \"37.29657\"], [\"122.062195\", \"37.247826\"], [\"121.947563\", \"37.091076\"], [\"121.251381\", \"36.77076\"], [\"120.339928\", \"36.425392\"], [\"120.258141\", \"36.403751\"], [\"120.052811\", \"36.411831\"], [\"120.048782\", \"36.411686\"], [\"119.977013\", \"36.054012\"], [\"119.976204\", \"36.052452\"], [\"118.736389\", \"36.030525\"], [\"118.732552\", \"36.031754\"], [\"118.639671\", \"35.431301\"], [\"118.638329\", \"35.428757\"], [\"117.054527\", \"35.539928\"], [\"117.047478\", \"35.539799\"], [\"117.189919\", \"35.133633\"], [\"117.190613\", \"35.127254\"], [\"117.191643\", \"35.115746\"], [\"117.167419\", \"35.115112\"], [\"117.16745\", \"35.11343\"], [\"117.166916\", \"35.113277\"], [\"117.165824\", \"35.114156\"]]', '2020-02-05 10:00:00', '2020-02-10 18:00:00');
INSERT INTO `track` VALUES ('16', '122.444925,36.964703', '122.081148,37.530699', '84404', '5982', '[[\"122.444925\", \"36.964703\"], [\"122.444939\", \"36.964699\"], [\"122.444908\", \"36.965435\"], [\"122.444695\", \"36.965443\"], [\"122.429031\", \"37.042755\"], [\"122.419121\", \"37.114807\"], [\"122.380402\", \"37.151241\"], [\"122.38031\", \"37.15509\"], [\"122.270348\", \"37.168194\"], [\"122.270241\", \"37.168243\"], [\"122.170776\", \"37.374283\"], [\"122.15625\", \"37.374046\"], [\"122.139877\", \"37.410061\"], [\"122.119194\", \"37.47509\"], [\"122.112946\", \"37.480026\"], [\"122.109444\", \"37.49062\"], [\"122.095543\", \"37.494061\"], [\"122.099228\", \"37.514294\"], [\"122.082161\", \"37.52142\"], [\"122.085365\", \"37.528564\"], [\"122.083946\", \"37.529148\"], [\"122.083855\", \"37.529011\"], [\"122.081337\", \"37.530037\"], [\"122.081726\", \"37.530617\"], [\"122.081148\", \"37.530699\"]]', '2020-03-04 06:00:00', '2020-03-05 09:00:00');
INSERT INTO `track` VALUES ('17', '122.486658,37.165160', '122.444925,36.964703', '25413', '1730', '[[\"122.486658\", \"37.165160\"], [\"122.486664\", \"37.164951\"], [\"122.48558\", \"37.164902\"], [\"122.486183\", \"37.158424\"], [\"122.487076\", \"37.158443\"], [\"122.468117\", \"37.128246\"], [\"122.42907\", \"37.04248\"], [\"122.444733\", \"36.964699\"], [\"122.444695\", \"36.965443\"], [\"122.444908\", \"36.965435\"], [\"122.444925\", \"36.964703\"]]', '2020-04-02 09:00:00', '2020-04-02 18:00:00');
INSERT INTO `track` VALUES ('18', '122.113397,37.498391', '122.464570,37.160440', '64187', '4136', '[[\"122.113397\", \"37.498391\"], [\"122.113403\", \"37.498302\"], [\"122.11454\", \"37.498295\"], [\"122.114639\", \"37.498569\"], [\"122.117348\", \"37.498352\"], [\"122.118118\", \"37.49342\"], [\"122.118011\", \"37.488277\"], [\"122.118256\", \"37.48724\"], [\"122.119225\", \"37.478199\"], [\"122.130486\", \"37.456974\"], [\"122.125992\", \"37.452332\"], [\"122.155731\", \"37.377285\"], [\"122.155518\", \"37.374012\"], [\"122.150276\", \"37.373661\"], [\"122.152237\", \"37.373764\"], [\"122.203102\", \"37.355515\"], [\"122.269943\", \"37.168175\"], [\"122.270409\", \"37.167923\"], [\"122.457466\", \"37.157444\"], [\"122.457298\", \"37.159973\"], [\"122.461929\", \"37.161392\"], [\"122.464570\", \"37.160440\"]]', '2020-04-16 05:00:00', '2020-04-16 11:00:00');
INSERT INTO `track` VALUES ('20', '122.486658,37.165160', '122.444925,36.964703', '25413', '1693', '[[\"122.486658\", \"37.165160\"], [\"122.486664\", \"37.164951\"], [\"122.48558\", \"37.164902\"], [\"122.486183\", \"37.158424\"], [\"122.487076\", \"37.158443\"], [\"122.468117\", \"37.128246\"], [\"122.42907\", \"37.04248\"], [\"122.444733\", \"36.964699\"], [\"122.444695\", \"36.965443\"], [\"122.444908\", \"36.965435\"], [\"122.444925\", \"36.964703\"]]', '2019-12-16 09:00:00', '2019-12-16 13:00:00');
INSERT INTO `track` VALUES ('21', '122.444925,36.964703', '122.513225,37.166861', '27234', '1898', '[[\"122.444925\", \"36.964703\"], [\"122.444939\", \"36.964699\"], [\"122.444908\", \"36.965435\"], [\"122.444695\", \"36.965443\"], [\"122.4291\", \"37.042648\"], [\"122.487602\", \"37.158024\"], [\"122.496758\", \"37.158939\"], [\"122.503784\", \"37.163506\"], [\"122.510727\", \"37.163036\"], [\"122.510704\", \"37.163597\"], [\"122.513229\", \"37.166809\"], [\"122.513225\", \"37.166861\"]]', '2020-04-20 09:00:00', '2020-04-20 17:00:00');
INSERT INTO `track` VALUES ('22', '122.444925,36.964703', '116.964624,36.614668', '570560', '25301', '[[\"122.444925\", \"36.964703\"], [\"122.444939\", \"36.964699\"], [\"122.444908\", \"36.965435\"], [\"122.444695\", \"36.965443\"], [\"122.429031\", \"37.042755\"], [\"122.427673\", \"37.090702\"], [\"122.378624\", \"37.085835\"], [\"122.339737\", \"37.078278\"], [\"121.947937\", \"37.08337\"], [\"121.943764\", \"37.084236\"], [\"121.251381\", \"36.77076\"], [\"120.339928\", \"36.425392\"], [\"120.258141\", \"36.403751\"], [\"117.283371\", \"36.782959\"], [\"117.223953\", \"36.774502\"], [\"117.024712\", \"36.717793\"], [\"116.927032\", \"36.723\"], [\"116.928185\", \"36.71983\"], [\"116.929207\", \"36.718922\"], [\"116.929779\", \"36.718369\"], [\"116.933014\", \"36.650829\"], [\"116.933556\", \"36.641174\"], [\"116.93322\", \"36.620029\"], [\"116.933846\", \"36.611393\"], [\"116.956543\", \"36.612316\"], [\"116.957397\", \"36.617149\"], [\"116.959961\", \"36.616844\"], [\"116.959976\", \"36.614925\"], [\"116.960365\", \"36.614925\"], [\"116.96122\", \"36.614117\"], [\"116.963348\", \"36.614357\"], [\"116.964624\", \"36.614668\"]]', '2020-01-01 09:00:00', '2020-01-08 09:00:00');
INSERT INTO `track` VALUES ('23', '122.113397,37.498391', '116.409774,40.047524', '799759', '36776', '[[\"122.113397\", \"37.498391\"], [\"122.113403\", \"37.498302\"], [\"122.11454\", \"37.498295\"], [\"122.114632\", \"37.498703\"], [\"122.003662\", \"37.494434\"], [\"121.977051\", \"37.476017\"], [\"121.938637\", \"37.46666\"], [\"121.366432\", \"37.438839\"], [\"121.104675\", \"37.602627\"], [\"120.921822\", \"37.636219\"], [\"119.67469\", \"36.945976\"], [\"119.669266\", \"36.942764\"], [\"118.561188\", \"37.169125\"], [\"117.972168\", \"37.216953\"], [\"117.967102\", \"37.218029\"], [\"117.90377\", \"37.442806\"], [\"117.394485\", \"38.299484\"], [\"117.188667\", \"38.966503\"], [\"117.190063\", \"38.969315\"], [\"116.929344\", \"39.111244\"], [\"116.934326\", \"39.268055\"], [\"116.926964\", \"39.542637\"], [\"116.827705\", \"39.634003\"], [\"116.819466\", \"39.638275\"], [\"116.814545\", \"39.6418\"], [\"116.59874\", \"39.817604\"], [\"116.549965\", \"39.842819\"], [\"116.548508\", \"39.885601\"], [\"116.542389\", \"39.937843\"], [\"116.443665\", \"40.02\"], [\"116.434471\", \"40.022053\"], [\"116.420998\", \"40.022442\"], [\"116.417976\", \"40.022484\"], [\"116.414886\", \"40.041542\"], [\"116.412041\", \"40.047749\"], [\"116.409363\", \"40.047588\"], [\"116.409774\", \"40.047524\"]]', '2020-02-04 09:00:00', '2020-02-08 09:00:00');
INSERT INTO `track` VALUES ('24', '122.444925,36.964703', '122.081148,37.530699', '84403', '5584', '[[\"122.444925\", \"36.964703\"], [\"122.444939\", \"36.964699\"], [\"122.444908\", \"36.965435\"], [\"122.444695\", \"36.965443\"], [\"122.429031\", \"37.042755\"], [\"122.419121\", \"37.114807\"], [\"122.380402\", \"37.151241\"], [\"122.38031\", \"37.15509\"], [\"122.270348\", \"37.168194\"], [\"122.270241\", \"37.168243\"], [\"122.170776\", \"37.374283\"], [\"122.15625\", \"37.374046\"], [\"122.139877\", \"37.410061\"], [\"122.119194\", \"37.47509\"], [\"122.112946\", \"37.480026\"], [\"122.109444\", \"37.49062\"], [\"122.095543\", \"37.494061\"], [\"122.099228\", \"37.514294\"], [\"122.082161\", \"37.52142\"], [\"122.085365\", \"37.528564\"], [\"122.083946\", \"37.529148\"], [\"122.083855\", \"37.529011\"], [\"122.081337\", \"37.530037\"], [\"122.081726\", \"37.530617\"], [\"122.081148\", \"37.530699\"]]', '2020-04-23 09:00:00', '2020-04-23 17:00:00');
INSERT INTO `track` VALUES ('25', '122.444925,36.964703', '122.081148,37.530699', '84403', '5905', '[[\"122.444925\", \"36.964703\"], [\"122.444939\", \"36.964699\"], [\"122.444908\", \"36.965435\"], [\"122.444695\", \"36.965443\"], [\"122.429031\", \"37.042755\"], [\"122.419121\", \"37.114807\"], [\"122.380402\", \"37.151241\"], [\"122.38031\", \"37.15509\"], [\"122.270348\", \"37.168194\"], [\"122.270241\", \"37.168243\"], [\"122.170776\", \"37.374283\"], [\"122.15625\", \"37.374046\"], [\"122.139877\", \"37.410061\"], [\"122.119194\", \"37.47509\"], [\"122.112946\", \"37.480026\"], [\"122.109444\", \"37.49062\"], [\"122.095543\", \"37.494061\"], [\"122.099228\", \"37.514294\"], [\"122.082161\", \"37.52142\"], [\"122.085365\", \"37.528564\"], [\"122.083946\", \"37.529148\"], [\"122.083855\", \"37.529011\"], [\"122.081337\", \"37.530037\"], [\"122.081726\", \"37.530617\"], [\"122.081148\", \"37.530699\"]]', '2020-04-21 09:00:00', '2020-04-21 14:00:00');
INSERT INTO `track` VALUES ('26', '122.444925,36.964703', '122.081148,37.530699', '84403', '5976', '[[\"122.444925\", \"36.964703\"], [\"122.444939\", \"36.964699\"], [\"122.444908\", \"36.965435\"], [\"122.444695\", \"36.965443\"], [\"122.429031\", \"37.042755\"], [\"122.419121\", \"37.114807\"], [\"122.380402\", \"37.151241\"], [\"122.38031\", \"37.15509\"], [\"122.270348\", \"37.168194\"], [\"122.270241\", \"37.168243\"], [\"122.170776\", \"37.374283\"], [\"122.15625\", \"37.374046\"], [\"122.139877\", \"37.410061\"], [\"122.119194\", \"37.47509\"], [\"122.112946\", \"37.480026\"], [\"122.109444\", \"37.49062\"], [\"122.095543\", \"37.494061\"], [\"122.099228\", \"37.514294\"], [\"122.082161\", \"37.52142\"], [\"122.085365\", \"37.528564\"], [\"122.083946\", \"37.529148\"], [\"122.083855\", \"37.529011\"], [\"122.081337\", \"37.530037\"], [\"122.081726\", \"37.530617\"], [\"122.081148\", \"37.530699\"]]', '2020-04-22 09:00:00', '2020-04-22 14:00:00');
INSERT INTO `track` VALUES ('27', '122.444925,36.964703', '122.081148,37.530699', '84403', '5573', '[[\"122.444925\", \"36.964703\"], [\"122.444939\", \"36.964699\"], [\"122.444908\", \"36.965435\"], [\"122.444695\", \"36.965443\"], [\"122.429031\", \"37.042755\"], [\"122.419121\", \"37.114807\"], [\"122.380402\", \"37.151241\"], [\"122.38031\", \"37.15509\"], [\"122.270348\", \"37.168194\"], [\"122.270241\", \"37.168243\"], [\"122.170776\", \"37.374283\"], [\"122.15625\", \"37.374046\"], [\"122.139877\", \"37.410061\"], [\"122.119194\", \"37.47509\"], [\"122.112946\", \"37.480026\"], [\"122.109444\", \"37.49062\"], [\"122.095543\", \"37.494061\"], [\"122.099228\", \"37.514294\"], [\"122.082161\", \"37.52142\"], [\"122.085365\", \"37.528564\"], [\"122.083946\", \"37.529148\"], [\"122.083855\", \"37.529011\"], [\"122.081337\", \"37.530037\"], [\"122.081726\", \"37.530617\"], [\"122.081148\", \"37.530699\"]]', '2020-04-26 09:00:00', '2020-04-26 13:00:00');
INSERT INTO `track` VALUES ('30', '122.081148,37.530699', '122.444925,36.964703', '85461', '5605', '[[\"122.081148\", \"37.530699\"], [\"122.081238\", \"37.530827\"], [\"122.081726\", \"37.530617\"], [\"122.081337\", \"37.530037\"], [\"122.085358\", \"37.528542\"], [\"122.081718\", \"37.521481\"], [\"122.09819\", \"37.514774\"], [\"122.095543\", \"37.494003\"], [\"122.106781\", \"37.49073\"], [\"122.130486\", \"37.456974\"], [\"122.125992\", \"37.452332\"], [\"122.155731\", \"37.377285\"], [\"122.155518\", \"37.374012\"], [\"122.150276\", \"37.373661\"], [\"122.152237\", \"37.373764\"], [\"122.203102\", \"37.355515\"], [\"122.269943\", \"37.168175\"], [\"122.270409\", \"37.167923\"], [\"122.376083\", \"37.15276\"], [\"122.419136\", \"37.114746\"], [\"122.444733\", \"36.964699\"], [\"122.444695\", \"36.965443\"], [\"122.444908\", \"36.965435\"], [\"122.444925\", \"36.964703\"]]', '2020-01-01 00:00:00', '2020-01-16 09:00:00');

SET FOREIGN_KEY_CHECKS=0;

-- ----------------------------
-- Table structure for `expense`
-- ----------------------------
DROP TABLE IF EXISTS `expense`;
CREATE TABLE `expense` (
  `id` int(10) unsigned NOT NULL AUTO_INCREMENT,
  `user_id` int(10) DEFAULT NULL,
  `type_id` int(10) NOT NULL,
  `content` varchar(255) NOT NULL,
  `money` int(10) NOT NULL,
  `status` int(10) NOT NULL,
  `add_time` datetime NOT NULL,
  `end_time` datetime DEFAULT NULL,
  `note` varchar(255) DEFAULT NULL,
  `because` text,
  `img_url` varchar(255) DEFAULT NULL,
  PRIMARY KEY (`id`)
) ENGINE=MyISAM AUTO_INCREMENT=16 DEFAULT CHARSET=utf8;

-- ----------------------------
-- Records of expense
-- ----------------------------
INSERT INTO `expense` VALUES ('11', '5', '6', '加汽油', '50', '1', '2019-11-06 09:00:00', '2020-04-21 10:08:46', '', '', '20200420185244927b53c0186545418dc680149ad97df4.png');
INSERT INTO `expense` VALUES ('8', '2', '4', '换轮胎', '50', '1', '2020-01-01 00:00:00', '2020-04-20 18:49:14', '', '', '20200420184859b91c586765d647179c6a66fcc21d18b0.png');
INSERT INTO `expense` VALUES ('9', '2', '7', '收费站收费', '20', '1', '2020-02-05 09:00:00', '2020-04-20 18:50:26', '', '', '20200420185015d880bfc951f142a5806a25ad6763d75e.png');
INSERT INTO `expense` VALUES ('12', '2', '7', '过路费', '50', '1', '2020-01-01 00:00:00', '2020-04-21 15:57:52', '', '', '20200421155723ae74b739e19c476e880d9563939c32cb.png');
INSERT INTO `expense` VALUES ('13', '2', '7', '收费站收费', '50', '1', '2020-04-22 09:00:00', '2020-04-22 17:11:15', '', '', '20200422171038e420a4e8e33e43efb460da88b70a65e7.png');
INSERT INTO `expense` VALUES ('14', '2', '7', '收费站收费', '50', '2', '2020-01-02 05:00:00', '2020-04-22 17:32:31', '', '', '202004221732007beb8b3c58e34fca99cb83b4a4a9b3c1.png');
INSERT INTO `expense` VALUES ('15', '2', '6', '加油', '50', '1', '2020-04-14 10:00:00', '2020-04-28 13:57:32', '', '', '20200427184111ed5d89461b514a38ba726b45b9789c4e.png');

